user_id,item_id,rating,timestamp
0,53,1,112
0,5,4,146
0,135,4,192
0,58,2,230
0,83,2,274
0,4,2,290
0,11,2,484
0,16,2,486
0,146,4,491
0,3,1,535
0,167,5,705
0,114,2,738
0,165,4,806
0,66,1,827
0,30,5,930
0,16,3,953
0,125,3,1067
0,59,4,1114
0,179,3,1250
0,115,3,1258
0,3,3,1317
0,39,5,1337
0,193,5,1347
0,124,5,1409
0,69,2,1525
0,81,1,1920
0,58,1,2185
0,127,3,2191
0,6,3,2215
0,102,3,2249
0,40,3,2275
0,26,4,2311
0,105,4,2421
0,25,2,2782
0,186,2,2817
0,73,2,2953
0,84,4,3102
1,56,4,16
1,86,4,20
1,71,3,58
1,97,1,72
1,35,4,218
1,188,4,223
1,12,5,224
1,39,2,232
1,78,4,289
1,88,1,402
1,126,1,541
1,180,5,568
1,188,3,967
1,121,5,1085
1,111,3,1088
1,157,5,1205
1,136,4,1280
1,83,1,1408
1,109,4,1414
1,140,5,1487
1,73,3,1813
1,55,1,1898
1,27,2,1972
1,90,5,2014
1,72,3,2148
1,84,3,2158
1,79,4,2209
1,96,1,2395
1,98,3,2482
1,197,1,2515
1,73,3,2531
1,16,4,2534
1,121,5,2589
1,114,5,2632
1,49,2,2683
1,151,4,2693
2,75,5,13
2,114,4,44
2,21,2,145
2,172,2,196
2,61,1,219
2,172,1,258
2,198,5,301
2,115,3,706
2,102,1,740
2,141,4,815
2,177,1,843
2,162,4,973
2,67,3,1031
2,3,3,1076
2,59,4,1351
2,162,1,1533
2,109,4,1605
2,172,4,1652
2,145,2,1700
2,157,5,1718
2,110,5,1919
2,91,4,1948
2,179,5,1955
2,87,2,2058
2,95,2,2090
2,7,1,2132
2,13,5,2341
2,118,4,2505
2,79,2,2528
2,83,4,2562
2,198,2,2651
2,19,2,2941
2,189,5,2955
2,86,1,3015
2,4,1,3075
2,8,5,3171
2,150,5,3253
3,126,5,51
3,177,2,71
3,161,1,75
3,122,3,162
3,73,2,361
3,191,4,537
3,110,2,682
3,185,5,831
3,150,2,884
3,192,4,907
3,103,4,908
3,98,3,1021
3,30,5,1042
3,57,3,1134
3,181,1,1346
3,143,5,1445
3,120,1,1614
3,188,3,1688
3,42,2,1888
3,18,4,2053
3,15,4,2111
3,123,5,2302
3,192,2,2398
3,46,1,2712
3,106,5,2713
3,133,2,2957
3,179,5,2991
3,125,4,2992
3,113,3,3005
3,171,2,3012
3,185,2,3020
3,155,1,3059
3,188,4,3099
3,57,5,3303
3,42,4,3319
4,107,1,122
4,184,3,147
4,182,1,458
4,189,1,650
4,128,4,670
4,57,3,787
4,118,5,814
4,175,2,848
4,148,1,882
4,124,2,922
4,51,1,931
4,56,3,1057
4,105,1,1081
4,24,2,1129
4,173,4,1185
4,27,3,1199
4,145,1,1236
4,161,5,1419
4,16,4,1648
4,156,5,1702
4,15,5,1703
4,145,1,1742
4,93,5,1750
4,155,2,1799
4,177,3,2165
4,187,4,2186
4,19,1,2253
4,188,5,2353
4,64,4,2517
4,145,4,2567
4,84,5,2688
4,18,5,2733
4,98,4,2745
4,65,5,2823
4,122,5,2837
5,140,4,73
5,157,1,180
5,182,4,371
5,173,5,460
5,56,3,715
5,36,1,778
5,110,4,809
5,4,2,894
5,99,1,1006
5,172,3,1037
5,135,4,1044
5,150,3,1078
5,17,5,1161
5,173,4,1218
5,115,3,1471
5,155,2,1701
5,121,3,1777
5,168,1,1876
5,24,5,1915
5,27,2,2034
5,193,3,2036
5,145,2,2054
5,108,2,2127
5,143,4,2205
5,156,1,2602
5,179,5,2620
5,88,4,2654
5,67,5,2679
5,36,4,3259
5,155,1,3340
5,8,3,3424
5,107,3,3563
5,5,3,3570
6,161,4,46
6,198,1,125
6,124,4,285
6,47,5,334
6,147,2,419
6,142,5,579
6,44,5,661
6,158,3,972
6,89,1,1163
6,105,1,1281
6,39,3,1363
6,151,2,1396
6,129,1,1398
6,170,5,1580
6,133,2,1583
6,166,3,1798
6,187,4,1872
6,2,1,2049
6,124,3,2100
6,3,3,2403
6,86,5,2419
6,21,1,2485
6,9,5,2623
6,81,5,2708
6,91,3,2726
6,21,2,2833
6,129,4,2910
6,181,1,3124
6,170,2,3150
6,191,5,3233
7,18,2,64
7,155,1,113
7,92,1,118
7,157,2,333
7,2,4,347
7,42,4,425
7,127,3,455
7,88,2,573
7,71,5,675
7,164,4,753
7,176,3,757
7,1,5,906
7,16,4,954
7,162,1,1001
7,70,1,1052
7,35,3,1198
7,48,4,1348
7,104,1,1365
7,88,2,1378
7,85,3,1554
7,150,1,1942
7,157,5,1993
7,37,4,2042
7,128,2,2074
7,41,3,2140
7,110,2,2188
7,53,3,2247
7,58,2,2250
7,122,1,2266
7,161,1,2390
7,56,5,2507
7,15,2,2522
7,180,3,2540
7,31,5,2560
7,73,5,2658
7,139,3,2795
7,47,4,2812
7,47,3,2841
7,47,3,2849
7,196,3,2908
7,188,5,2949
7,6,2,3272
7,8,4,3300
7,87,1,3488
8,125,5,55
8,143,5,110
8,115,5,151
8,98,5,200
8,133,5,296
8,64,3,406
8,52,5,482
8,190,3,624
8,126,5,657
8,19,4,666
8,111,4,1030
8,138,4,1094
8,149,1,1109
8,44,3,1241
8,147,5,1268
8,149,4,1423
8,17,2,1439
8,173,1,1584
8,3,4,1708
8,86,1,1732
8,151,3,1738
8,76,2,1966
8,168,2,2035
8,37,1,2340
8,38,2,2430
8,169,5,2432
8,16,1,2702
8,198,1,2780
8,38,4,2971
8,150,5,3068
8,9,4,3280
8,39,1,3308
9,38,5,525
9,35,4,531
9,39,5,588
9,57,5,784
9,191,5,885
9,127,4,995
9,31,3,1080
9,14,2,1083
9,118,2,1184
9,29,3,1353
9,30,1,1478
9,182,4,1572
9,77,4,1644
9,172,1,1805
9,101,2,1857
9,194,2,2176
9,83,2,2182
9,145,1,2434
9,198,5,2476
9,40,5,2638
9,182,2,2691
9,106,3,2741
9,67,4,2788
9,5,5,2843
9,14,5,2863
9,34,5,2878
9,9,5,2963
9,30,2,2994
9,14,3,3073
9,109,3,3129
9,123,5,3226
9,86,2,3674
10,55,5,116
10,127,5,250
10,100,1,275
10,98,3,793
10,183,5,1073
10,82,4,1122
10,194,4,1215
10,99,2,1248
10,137,1,1413
10,172,1,1496
10,88,4,1498
10,144,2,1681
10,198,1,1727
10,94,2,1743
10,111,2,1874
10,172,4,1975
10,86,3,1988
10,76,3,1994
10,69,1,2175
10,92,1,2333
10,174,2,2475
10,73,5,2694
10,61,4,2759
10,43,4,2829
10,124,1,2877
10,18,4,3269
10,170,5,3310
10,17,1,3344
10,41,2,3378
10,123,5,3500
10,105,1,3618
11,146,4,128
11,63,1,216
11,119,3,292
11,118,2,483
11,10,2,547
11,127,5,555
11,56,3,565
11,195,1,603
11,24,2,620
11,199,5,634
11,84,5,745
11,139,4,845
11,88,1,932
11,97,4,1065
11,164,5,1224
11,145,1,1417
11,78,1,1475
11,72,2,1538
11,85,4,1549
11,155,4,1565
11,184,3,1670
11,198,2,1817
11,70,3,1854
11,146,2,1930
11,176,1,2064
11,88,3,2066
11,104,5,2131
11,145,5,2223
11,84,2,2352
11,80,2,2556
11,149,5,2559
11,2,1,2609
11,87,1,2667
11,197,2,2866
11,97,3,2902
11,95,4,2977
11,3,1,3180
12,58,3,169
12,141,4,417
12,87,2,469
12,64,5,564
12,88,5,605
12,94,4,615
12,169,4,663
12,81,5,697
12,193,3,775
12,16,5,991
12,95,1,1086
12,140,3,1189
12,54,5,1226
12,153,3,1319
12,117,2,1618
12,10,1,1629
12,91,5,1630
12,107,1,1721
12,126,2,1788
12,130,4,1821
12,145,3,1891
12,143,2,2067
12,13,5,2295
12,49,1,2307
12,164,2,2379
12,170,5,2407
12,183,5,2425
12,128,4,2512
12,21,1,2656
12,96,2,2671
12,51,5,2747
12,153,3,2777
12,148,3,2869
12,131,1,2906
12,190,5,2920
12,125,1,2970
12,96,3,3317
12,66,3,3586
12,183,3,3616
12,84,2,3814
13,142,3,54
13,25,1,86
13,35,2,149
13,34,1,329
13,39,1,427
13,92,3,648
13,106,4,735
13,148,2,857
13,172,4,961
13,53,2,969
13,150,3,1069
13,124,5,1123
13,115,5,1142
13,65,5,1391
13,147,3,1438
13,18,5,1581
13,102,3,1598
13,109,1,1654
13,89,1,1725
13,0,2,1863
13,0,4,2061
13,36,1,2146
13,102,2,2155
13,98,2,2178
13,116,4,2279
13,191,4,2583
13,89,3,2625
13,185,3,2646
13,130,5,2730
13,26,3,2980
13,137,4,3014
13,196,4,3128
14,136,3,2
14,149,1,36
14,12,3,89
14,28,4,105
14,48,1,153
14,2,1,165
14,165,5,430
14,7,2,451
14,41,1,736
14,48,2,978
14,144,5,1096
14,172,3,1149
14,174,4,1168
14,68,1,1196
14,31,1,1263
14,136,1,1566
14,87,1,1613
14,80,5,1666
14,187,3,1893
14,113,3,1923
14,52,3,1932
14,36,1,1958
14,176,3,2027
14,8,2,2136
14,130,4,2317
14,97,4,2321
14,112,3,2360
14,80,1,2371
14,15,4,2376
14,78,4,2433
14,64,2,2470
14,168,5,2606
14,148,1,2627
14,191,3,2831
14,118,4,2879
14,126,3,3063
14,142,1,3152
14,50,4,3158
15,61,3,251
15,148,2,286
15,11,5,426
15,180,5,468
15,10,5,492
15,137,4,502
15,103,3,515
15,165,2,538
15,149,5,631
15,137,2,641
15,170,1,741
15,55,5,748
15,58,4,905
15,3,3,1333
15,95,1,1386
15,10,5,1573
15,115,5,1621
15,163,3,1642
15,182,4,2391
15,124,5,2555
15,69,4,2558
15,128,3,2563
15,96,4,2579
15,119,1,2710
15,10,4,2873
15,85,4,2951
15,31,1,2985
15,187,2,3070
15,102,3,3131
15,125,1,3216
16,139,3,243
16,85,5,336
16,19,3,365
16,149,5,404
16,178,5,472
16,133,2,610
16,12,3,660
16,173,4,678
16,102,1,768
16,147,1,823
16,88,3,852
16,39,2,887
16,88,4,889
16,133,4,985
16,131,4,990
16,105,2,1093
16,125,2,1152
16,158,2,1286
16,14,2,1461
16,16,3,1480
16,83,3,1524
16,170,1,1544
16,41,2,1575
16,10,5,1597
16,131,4,1716
16,91,5,1824
16,76,3,1853
16,70,2,1856
16,50,1,1939
16,167,4,1963
16,102,1,1999
16,156,2,2160
16,195,3,2264
16,139,5,2557
16,8,2,2715
16,77,4,2779
16,97,3,2801
16,39,3,2822
16,13,4,2880
16,124,4,3010
16,129,4,3057
16,169,1,3201
16,117,3,3376
16,16,1,3416
16,77,4,3567
17,46,3,50
17,176,4,79
17,30,2,317
17,138,1,388
17,30,5,655
17,189,3,732
17,187,4,790
17,5,3,975
17,118,1,997
17,168,1,1138
17,153,4,1336
17,80,1,1454
17,119,2,1595
17,181,5,1631
17,105,3,1657
17,136,2,1753
17,34,5,1931
17,84,4,1981
17,88,2,2083
17,66,2,2133
17,109,1,2394
17,106,2,2453
17,156,2,2487
17,95,5,2675
17,9,2,2882
17,84,3,2904
18,56,4,231
18,109,2,262
18,99,4,265
18,109,1,298
18,193,1,360
18,162,4,471
18,118,4,474
18,100,1,532
18,131,1,617
18,159,3,622
18,155,2,686
18,102,4,693
18,135,2,729
18,191,1,920
18,196,3,1061
18,18,1,1335
18,193,5,1402
18,28,4,1403
18,166,5,1539
18,67,4,1779
18,147,4,1916
18,24,5,2070
18,122,5,2276
18,23,2,2303
18,188,2,2323
18,169,4,2381
18,69,3,2447
18,28,4,2454
18,121,3,2496
18,134,1,2943
18,39,5,3025
18,146,5,3029
18,17,5,3041
18,109,3,3081
18,62,3,3177
18,163,2,3266
18,51,1,3306
18,128,3,3437
18,166,3,3453
18,145,5,3462
18,50,2,3532
18,115,3,3619
18,65,5,3626
19,155,1,259
19,134,4,266
19,103,1,302
19,181,3,332
19,118,4,423
19,93,1,700
19,71,1,730
19,59,2,1064
19,28,2,1214
19,158,3,1310
19,148,2,1412
19,141,4,1418
19,19,1,1512
19,151,2,1691
19,16,2,1710
19,15,5,1847
19,125,5,1956
19,178,3,2008
19,153,5,2109
19,98,4,2113
19,125,3,2187
19,178,2,2207
19,16,5,2212
19,133,2,2224
19,191,1,2636
19,129,3,2674
19,99,5,2824
19,179,2,2983
19,86,3,2993
19,71,1,3009
19,81,2,3060
19,82,4,3156
20,34,5,5
20,45,2,23
20,27,5,47
20,186,2,330
20,137,2,351
20,31,3,586
20,97,4,723
20,154,1,807
20,188,1,921
20,183,3,928
20,106,2,1018
20,110,3,1252
20,131,1,1264
20,193,4,1495
20,199,5,1556
20,175,3,1910
20,25,4,1980
20,109,4,2135
20,95,5,2322
20,84,4,2367
20,104,3,2378
20,181,2,2427
20,127,4,2465
20,180,2,2521
20,22,2,2571
20,125,4,2628
20,24,3,2659
20,13,4,2704
20,183,4,2738
20,130,4,2740
20,48,4,2761
20,77,2,2775
20,141,5,2791
20,77,5,2825
20,130,1,2864
20,11,4,2897
20,120,4,2905
20,81,4,2907
20,119,1,2964
20,160,3,3001
20,84,2,3092
20,104,3,3145
20,3,3,3161
20,163,4,3168
20,157,2,3234
20,140,2,3315
20,66,2,3357
21,194,5,14
21,44,2,27
21,99,1,342
21,25,2,443
21,57,4,497
21,185,2,927
21,70,2,1017
21,13,1,1117
21,129,5,1301
21,122,2,1444
21,87,5,1507
21,135,3,1845
21,14,5,1855
21,21,1,1859
21,136,5,1902
21,89,2,2022
21,115,4,2056
21,44,4,2085
21,17,2,2426
21,154,5,2467
21,70,5,2541
21,134,3,2574
21,96,1,2604
21,9,5,2889
21,5,1,2915
21,124,4,2917
21,13,4,2935
21,22,2,3033
21,58,1,3211
21,134,5,3375
21,145,4,3447
21,175,4,3536
22,14,5,132
22,82,2,164
22,0,5,280
22,86,4,399
22,123,5,481
22,137,5,524
22,17,5,599
22,61,3,606
22,98,2,640
22,33,4,817
22,157,4,854
22,186,5,900
22,59,3,974
22,145,4,1082
22,84,4,1147
22,18,5,1220
22,21,2,1249
22,56,1,1400
22,154,3,1576
22,8,4,1803
22,102,4,2172
22,130,4,2238
22,77,3,2242
22,78,1,2308
22,166,4,2368
22,57,4,2565
22,60,5,2586
22,153,3,2597
22,93,2,2685
22,11,5,2911
22,111,1,2931
22,136,4,2944
23,86,3,12
23,192,3,99
23,91,5,206
23,89,1,245
23,76,2,303
23,7,3,306
23,190,2,374
23,74,4,395
23,173,2,416
23,126,1,539
23,118,2,546
23,81,1,590
23,47,4,598
23,177,1,751
23,141,5,1028
23,189,1,1035
23,95,2,1097
23,188,1,1291
23,126,3,1429
23,53,3,1506
23,67,5,1600
23,182,5,1929
23,27,3,1953
23,136,4,2108
23,51,3,2115
23,97,3,2438
23,39,2,2446
23,157,2,2493
23,130,3,2819
23,11,2,2821
23,63,5,2995
23,163,3,3021
23,53,5,3034
23,167,5,3103
23,43,5,3115
23,8,4,3120
24,42,2,315
24,188,4,389
24,92,1,415
24,176,1,439
24,71,2,635
24,127,3,711
24,42,5,782
24,50,2,910
24,145,4,989
24,12,3,993
24,191,1,1151
24,43,1,1276
24,158,4,1292
24,150,1,1442
24,144,2,1463
24,160,5,1530
24,150,1,1562
24,124,5,1617
24,29,5,1646
24,63,4,1660
24,0,3,1685
24,133,2,1734
24,100,1,1741
24,110,1,1928
24,153,1,1959
24,146,5,2068
24,83,2,2351
24,68,1,2372
24,59,5,2481
24,31,5,2639
24,61,5,2641
24,187,5,2655
24,170,2,2662
24,134,2,2850
24,107,3,2885
24,37,3,2948
24,83,1,3252
24,94,1,3325
24,70,2,3329
25,61,2,100
25,103,2,412
25,101,2,501
25,17,1,575
25,183,5,795
25,174,1,840
25,190,3,942
25,189,2,951
25,142,4,968
25,159,1,1008
25,107,5,1053
25,145,4,1059
25,24,3,1132
25,179,2,1210
25,164,4,1272
25,193,4,1302
25,186,3,1446
25,82,5,1481
25,94,3,1493
25,110,1,1519
25,183,2,1568
25,38,2,1569
25,10,5,1577
25,170,4,1883
25,20,3,2021
25,124,5,2057
25,98,1,2139
25,190,4,2213
25,34,4,2265
25,90,5,2343
25,92,2,2350
25,188,1,2431
25,66,3,2441
25,34,4,2598
25,117,2,2764
25,32,4,2997
25,126,5,3085
25,145,4,3163
25,194,4,3236
26,78,5,150
26,57,1,193
26,57,1,199
26,196,5,348
26,84,5,349
26,58,3,401
26,181,3,668
26,103,5,766
26,39,1,800
26,75,5,914
26,128,2,940
26,187,2,1172
26,26,3,1178
26,150,2,1206
26,124,5,1212
26,4,4,1468
26,143,2,1795
26,9,3,1823
26,45,4,1904
26,13,4,1934
26,18,3,1944
26,99,3,2386
26,128,2,2519
26,176,4,2727
26,138,2,2927
26,69,5,2967
26,195,1,3245
26,112,1,3295
26,107,2,3323
26,163,3,3572
26,168,3,3684
26,143,1,3784
27,117,3,124
27,115,1,174
27,129,1,181
27,61,1,182
27,67,3,354
27,119,5,626
27,101,3,752
27,48,3,761
27,162,3,963
27,25,5,981
27,59,1,1303
27,116,2,1759
27,174,2,1839
27,104,3,2091
27,196,4,2162
27,182,5,2195
27,29,1,2203
27,55,3,2348
27,63,2,2388
27,156,5,2706
27,107,3,2792
27,17,4,2834
27,95,3,3194
27,158,3,3248
27,176,4,3320
27,152,3,3358
27,18,1,3390
27,81,4,3455
27,133,3,3547
27,21,4,3658
27,155,5,3680
27,47,3,3710
27,115,2,3725
27,192,2,3741
27,28,2,3850
27,28,1,4044
28,130,2,104
28,63,3,167
28,83,5,506
28,144,3,563
28,166,1,583
28,142,4,671
28,27,5,774
28,103,4,883
28,47,5,1169
28,131,2,1174
28,89,5,1197
28,117,3,1200
28,33,3,1243
28,115,4,1299
28,105,4,1328
28,143,3,1349
28,11,2,1405
28,195,3,1448
28,21,4,1494
28,25,3,1637
28,89,5,1731
28,199,1,1866
28,153,1,1873
28,140,3,1887
28,62,3,1894
28,184,2,1895
28,172,5,2214
28,151,3,2231
28,71,1,2251
28,85,5,2387
28,147,4,2772
28,194,3,2786
28,10,4,2919
28,139,4,2923
28,128,5,2945
29,28,4,18
29,91,2,185
29,159,1,343
29,82,1,352
29,151,2,368
29,72,4,470
29,80,5,609
29,51,3,786
29,24,2,868
29,195,4,879
29,68,1,1125
29,180,2,1327
29,23,1,1332
29,99,2,1432
29,121,2,1628
29,34,1,1645
29,178,1,1655
29,196,3,1808
29,146,1,1833
29,108,1,2018
29,199,2,2262
29,165,3,2393
29,171,4,2539
29,9,2,2553
29,181,1,2564
29,96,4,2570
29,104,2,2616
29,60,1,2618
29,121,4,2890
29,153,5,2946
29,174,1,3023
29,139,4,3036
29,96,1,3119
29,11,5,3121
29,77,3,3316
30,164,3,281
30,166,4,685
30,189,3,737
30,39,3,1032
30,42,4,1190
30,29,5,1240
30,26,3,1470
30,60,3,1599
30,176,3,1802
30,41,2,1810
30,167,4,2105
30,118,3,2174
30,74,5,2277
30,60,3,2298
30,58,2,2408
30,15,4,2548
30,144,5,2672
30,185,4,2687
30,144,3,2696
30,82,4,2827
30,88,5,3026
31,182,2,170
31,133,5,209
31,137,5,236
31,138,5,238
31,175,1,295
31,165,1,384
31,20,1,396
31,89,2,434
31,21,2,543
31,110,1,719
31,14,3,834
31,89,3,916
31,47,1,1143
31,46,2,1326
31,181,5,1352
31,187,1,1361
31,89,5,1384
31,11,3,1571
31,172,5,1632
31,21,2,1719
31,149,1,1806
31,120,1,1878
31,178,1,1897
31,63,2,1987
31,44,5,2002
31,175,2,2012
31,40,2,2039
31,79,5,2078
31,127,1,2474
31,109,5,2500
31,20,3,2520
31,26,5,2577
31,167,3,2668
31,80,1,2680
31,99,4,2754
31,86,3,2808
31,148,3,2871
31,165,4,2874
31,71,2,2875
31,189,5,2894
32,115,4,24
32,168,5,121
32,168,4,130
32,131,1,270
32,1,2,305
32,143,2,326
32,112,3,328
32,165,5,337
32,13,1,386
32,82,1,405
32,55,1,522
32,189,2,550
32,196,4,551
32,171,2,558
32,157,4,713
32,16,3,770
32,31,4,788
32,199,1,803
32,124,2,1015
32,92,2,1077
32,41,3,1170
32,71,3,1180
32,65,4,1297
32,158,5,1399
32,15,1,1510
32,184,5,1620
32,94,2,1776
32,77,3,1875
32,150,3,1991
32,169,3,2009
32,90,5,2016
32,56,5,2019
32,152,3,2220
32,86,3,2274
32,174,2,2291
32,0,2,2327
32,197,5,2464
32,25,4,2578
32,27,1,2643
32,75,2,3056
32,50,1,3148
32,172,2,3183
33,156,4,82
33,193,4,129
33,63,1,487
33,163,5,528
33,144,4,578
33,162,3,835
33,161,2,841
33,191,4,893
33,182,3,935
33,62,1,1000
33,111,1,1110
33,67,5,1284
33,27,1,1356
33,65,4,1379
33,31,4,1460
33,109,2,1627
33,174,3,1924
33,3,2,2125
33,70,3,2256
33,184,5,2382
33,145,5,2690
33,185,3,2766
33,48,3,2794
33,73,5,2981
33,160,5,3022
33,189,3,3318
33,20,2,3331
33,183,4,3365
33,1,1,3386
33,67,3,3556
33,81,3,3739
33,75,5,3767
33,191,5,3815
33,100,5,3973
34,73,1,66
34,85,2,119
34,79,1,120
34,178,5,140
34,108,2,321
34,60,2,362
34,95,2,549
34,183,2,569
34,51,4,651
34,118,2,777
34,190,2,1099
34,136,3,1113
34,46,1,1126
34,185,2,1274
34,11,2,1380
34,187,2,1532
34,47,2,1712
34,37,2,1830
34,75,1,1926
34,38,1,2093
34,30,4,2164
34,154,4,2216
34,78,1,2330
34,21,5,2389
34,181,5,2471
34,29,5,2484
34,186,4,2536
34,33,4,2603
34,134,1,2615
34,187,2,2629
34,190,3,2633
34,142,2,3083
34,150,2,3101
34,27,3,3125
34,108,3,3363
34,72,5,3382
34,108,2,3436
35,192,3,69
35,39,5,168
35,121,2,261
35,124,3,309
35,111,1,421
35,12,3,584
35,136,1,587
35,37,2,595
35,186,2,683
35,139,5,727
35,53,1,755
35,174,3,952
35,143,1,1034
35,76,5,1173
35,13,4,1208
35,70,3,1209
35,72,5,1254
35,14,4,1404
35,152,2,1492
35,71,3,1499
35,98,3,1511
35,112,4,1868
35,145,3,2120
35,169,3,2126
35,12,3,2170
35,68,5,2373
35,156,2,2392
35,69,4,2416
35,148,3,2455
35,21,1,2502
35,55,1,2504
35,161,4,2544
35,184,3,2584
35,63,4,2644
35,18,5,2719
35,143,5,2755
35,121,4,2857
35,92,4,2865
35,32,4,2972
36,180,5,135
36,43,5,202
36,177,4,294
36,196,2,373
36,38,2,602
36,16,4,672
36,151,1,819
36,133,4,1072
36,29,2,1128
36,196,1,1237
36,19,1,1388
36,127,5,1420
36,197,4,1451
36,43,1,1462
36,139,5,1606
36,180,2,1659
36,124,3,1672
36,75,5,1755
36,194,2,1843
36,133,1,2086
36,131,1,2110
36,51,1,2149
36,34,3,2196
36,176,1,2199
36,41,5,2211
36,15,5,2356
36,145,2,2443
36,71,2,2469
36,85,3,2937
36,1,1,2998
36,159,3,3089
36,24,1,3166
36,145,4,3174
36,117,4,3604
37,164,4,19
37,114,3,244
37,37,5,310
37,182,4,344
37,151,4,673
37,160,4,714
37,189,1,861
37,142,1,864
37,106,1,875
37,196,5,976
37,93,1,1071
37,131,4,1098
37,98,4,1145
37,129,3,1175
37,11,1,1188
37,174,4,1217
37,41,5,1279
37,194,2,1343
37,57,2,1421
37,45,3,1459
37,11,1,1748
37,94,4,1796
37,44,3,1922
37,125,3,1967
37,114,5,1986
37,111,1,2024
37,129,4,2151
37,165,3,2240
37,108,3,2581
37,30,3,2612
37,89,4,2720
37,79,4,2773
37,83,1,2844
37,34,3,3003
37,97,2,3223
37,195,3,3405
37,108,1,3431
37,136,5,3465
38,166,2,49
38,89,2,217
38,118,5,272
38,3,5,409
38,92,3,520
38,186,1,643
38,30,3,647
38,118,1,689
38,12,5,694
38,80,1,704
38,25,2,839
38,4,2,983
38,98,4,1141
38,53,1,1158
38,171,5,1501
38,130,3,1531
38,117,1,1593
38,52,5,1612
38,110,3,1635
38,0,4,1676
38,196,4,1809
38,156,2,1818
38,58,5,1892
38,73,1,2128
38,25,1,2233
38,26,4,2406
38,48,3,2450
38,97,3,2490
38,183,3,2501
38,153,5,2744
38,140,2,2901
38,165,3,2947
38,164,5,3100
38,87,3,3198
38,110,5,3218
38,76,5,3260
38,68,5,3392
38,29,5,3417
39,6,5,94
39,22,5,271
39,175,2,466
39,111,5,559
39,113,4,664
39,80,1,1002
39,186,5,1033
39,5,3,1087
39,75,1,1115
39,24,1,1139
39,170,2,1245
39,8,3,1262
39,107,5,1334
39,37,1,1440
39,103,2,1473
39,68,2,1497
39,156,5,1523
39,50,5,1608
39,18,5,1740
39,116,4,1763
39,164,3,1771
39,160,4,1773
39,195,3,1781
39,49,4,2011
39,190,2,2134
39,182,2,2167
39,107,1,2714
39,13,2,2881
39,42,4,3222
39,94,5,3246
39,77,2,3296
39,99,5,3389
40,24,3,103
40,178,2,123
40,94,3,324
40,114,3,763
40,147,3,1005
40,61,5,1246
40,21,3,1273
40,198,2,1458
40,120,1,1699
40,171,1,1787
40,95,3,1992
40,56,5,1998
40,133,1,2040
40,34,2,2059
40,55,5,2152
40,189,2,2292
40,192,4,2491
40,113,4,2510
40,14,4,2653
40,160,1,2781
40,180,1,2860
40,56,4,2969
40,188,2,3107
40,168,2,3182
40,90,1,3197
40,67,3,3275
40,182,2,3366
40,124,1,3484
40,184,1,3491
40,127,5,3606
40,70,5,3614
40,116,2,3664
40,90,3,3694
40,101,3,3728
41,133,2,32
41,81,4,155
41,121,5,176
41,21,1,283
41,142,1,411
41,149,5,449
41,176,3,645
41,176,3,665
41,93,2,925
41,146,3,1004
41,118,2,1136
41,184,1,1166
41,141,1,1456
41,178,3,1529
41,117,5,1622
41,6,4,1626
41,199,5,1737
41,184,5,1792
41,185,2,1804
41,188,2,2129
41,140,2,2144
41,105,5,2412
41,182,4,2414
41,181,3,2436
41,41,5,2489
41,141,5,2499
41,31,1,2611
41,70,2,2774
41,42,3,2776
41,177,5,3082
42,181,3,166
42,63,5,407
42,167,2,554
42,189,3,561
42,36,5,898
42,123,1,1211
42,163,4,1232
42,127,3,1287
42,111,1,1528
42,170,5,1607
42,51,5,1674
42,61,1,2189
42,152,2,2227
42,125,2,2236
42,156,4,2260
42,170,4,2361
42,131,2,2366
42,168,2,2605
42,116,3,2682
42,19,1,2816
42,181,4,2936
42,111,1,3196
42,61,1,3265
42,102,5,3592
42,68,3,3758
43,189,2,63
43,60,5,81
43,29,4,137
43,48,3,183
43,70,1,205
43,129,1,234
43,47,3,366
43,86,3,562
43,136,1,717
43,191,1,988
43,124,1,1056
43,167,5,1084
43,172,1,1426
43,196,2,1534
43,3,1,1540
43,32,4,1951
43,147,4,2029
43,182,5,2080
43,11,4,2145
43,99,3,2201
43,74,3,2239
43,77,2,2331
43,121,5,2358
43,55,4,2422
43,178,1,2518
43,167,3,2526
43,170,1,2533
43,107,3,2542
43,78,1,2809
43,194,3,2893
43,35,3,2933
44,116,3,106
44,106,5,177
44,160,2,422
44,58,5,681
44,93,2,696
44,181,3,718
44,0,3,720
44,4,1,829
44,110,4,939
44,102,2,1055
44,100,4,1204
44,129,2,1330
44,98,1,1479
44,153,1,1603
44,78,3,1653
44,171,4,1764
44,133,5,1789
44,178,1,1800
44,170,2,1989
44,150,4,2069
44,72,4,2073
44,121,4,2171
44,178,2,2243
44,112,2,2423
44,42,1,2614
44,40,1,2665
44,45,2,2753
44,47,2,2805
44,87,5,3008
44,111,5,3043
44,185,4,3055
44,165,2,3139
44,71,2,3457
44,14,3,3522
44,23,2,3551
45,109,2,370
45,132,1,376
45,119,5,394
45,105,4,567
45,126,3,662
45,37,1,776
45,128,2,934
45,63,5,1223
45,179,1,1251
45,9,5,1385
45,31,5,1485
45,56,4,1636
45,161,3,1679
45,82,3,1822
45,17,4,1885
45,171,4,1937
45,81,5,1945
45,176,2,1957
45,90,1,2001
45,76,2,2026
45,198,1,2272
45,152,5,2339
45,129,2,2365
45,145,4,2495
45,0,3,2896
45,18,5,2909
45,199,4,2965
45,178,1,3004
45,105,3,3084
45,103,3,3109
45,62,3,3311
45,145,1,3412
45,26,5,3430
45,2,4,3529
46,125,3,39
46,194,1,65
46,193,1,143
46,171,1,397
46,44,3,463
46,39,3,510
46,74,3,722
46,11,5,733
46,176,3,781
46,65,1,853
46,181,5,943
46,165,2,958
46,170,2,1066
46,16,4,1191
46,92,5,1201
46,105,2,1221
46,49,2,1265
46,170,3,1339
46,102,2,1410
46,184,3,1548
46,178,5,1570
46,46,3,1705
46,109,4,1865
46,154,3,1899
46,93,2,1911
46,105,2,2173
46,182,1,2197
46,58,3,2255
46,130,1,2267
46,133,2,2370
46,12,3,2424
46,41,5,2460
46,70,3,2549
46,105,2,2903
46,89,1,3052
46,76,5,3061
46,25,4,3065
46,41,4,3281
46,197,2,3346
46,197,4,3368
46,16,5,3391
46,157,1,3404
46,37,3,3463
46,69,5,3524
46,85,4,3530
46,90,4,3644
46,129,5,3647
47,70,2,88
47,172,1,131
47,59,2,291
47,186,2,299
47,148,1,331
47,158,4,338
47,170,5,359
47,70,3,408
47,93,1,489
47,191,3,518
47,165,1,948
47,123,5,1394
47,115,5,1585
47,165,1,1661
47,154,2,1751
47,160,5,1757
47,193,5,1786
47,86,5,1968
47,177,1,2281
47,115,5,2294
47,129,5,2345
47,34,3,2355
47,16,4,2362
47,165,5,2468
47,62,5,2785
47,56,5,3042
47,9,4,3159
47,196,5,3283
47,68,3,3302
47,18,5,3374
47,111,1,3448
47,107,1,3496
48,103,3,29
48,152,5,364
48,167,3,447
48,75,1,593
48,38,1,618
48,64,1,734
48,185,2,792
48,96,4,801
48,21,3,936
48,40,2,1102
48,186,5,1298
48,95,3,1305
48,166,1,1309
48,118,1,1315
48,198,1,1329
48,101,5,1542
48,92,3,1651
48,168,3,1667
48,30,4,1707
48,100,1,2030
48,14,1,2102
48,4,5,2117
48,101,5,2200
48,33,5,2328
48,17,5,2396
48,195,2,2440
48,178,3,2461
48,51,1,2513
48,57,2,2610
48,77,1,2799
48,130,5,2856
48,93,3,3030
48,142,3,3091
48,162,3,3176
48,173,2,3200
48,142,4,3230
48,182,4,3585
48,185,3,3588
49,156,4,70
49,135,3,279
49,174,5,414
49,45,2,548
49,80,4,667
49,87,1,760
49,83,2,844
49,109,4,865
49,122,2,917
49,5,2,1079
49,34,5,1106
49,41,4,1362
49,173,1,1713
49,171,2,1862
49,75,1,1946
49,172,2,2044
49,68,5,2116
49,173,2,2230
49,27,5,2237
49,20,3,2246
49,6,2,2445
49,60,3,2524
49,108,5,2695
49,179,2,2721
49,142,3,2854
49,123,3,2928
49,140,4,3074
49,100,5,3147
49,177,2,3184
49,145,1,3264
50,169,1,41
50,163,3,45
50,76,3,157
50,58,5,204
50,185,5,345
50,36,3,438
50,159,1,503
50,9,5,553
50,151,1,828
50,115,4,860
50,121,5,871
50,90,4,880
50,190,1,919
50,14,1,1046
50,114,4,1054
50,9,1,1144
50,41,2,1157
50,74,3,1159
50,143,1,1164
50,18,1,1242
50,184,3,1289
50,139,1,1322
50,26,3,1344
50,79,5,1375
50,28,1,1490
50,107,5,1535
50,22,2,1879
50,86,2,1996
50,103,1,2079
50,19,1,2118
50,5,2,2221
50,191,2,2375
50,45,2,2818
50,11,4,2835
50,114,2,2895
50,180,4,3080
50,158,3,3217
50,51,4,3268
50,111,5,3367
50,159,2,3450
50,6,3,3538
50,3,3,3542
51,112,2,0
51,19,2,160
51,144,4,212
51,20,5,215
51,180,2,269
51,42,1,448
51,154,1,467
51,124,1,529
51,155,2,629
51,61,4,636
51,112,2,874
51,140,5,956
51,162,2,1007
51,35,3,1194
51,125,4,1270
51,94,5,1294
51,177,4,1687
51,11,2,1870
51,89,2,2244
51,106,2,2385
51,77,3,2595
51,70,5,2624
51,113,1,2650
51,78,4,2716
51,14,4,2718
51,24,2,2762
51,199,5,2767
51,143,1,2771
51,133,1,2830
52,157,1,15
52,151,2,57
52,52,3,98
52,186,2,233
52,50,5,377
52,83,1,456
52,31,2,639
52,75,5,644
52,24,1,816
52,66,5,818
52,121,1,895
52,144,3,1016
52,120,5,1156
52,4,4,1267
52,35,4,1425
52,42,5,1476
52,69,4,1491
52,86,5,1663
52,24,5,1791
52,159,5,1807
52,118,3,1941
52,146,1,1952
52,146,2,2076
52,28,5,2225
52,160,1,2280
52,6,3,2751
52,71,4,2870
52,109,3,2982
52,68,2,3411
52,199,5,3466
52,149,3,3479
52,178,3,3718
52,7,4,3817
53,128,4,74
53,92,3,76
53,53,3,226
53,145,4,304
53,194,1,320
53,98,3,346
53,154,3,391
53,28,1,452
53,15,3,688
53,138,4,739
53,94,2,842
53,86,3,847
53,146,4,1255
53,184,3,1260
53,84,5,1290
53,26,2,1373
53,38,5,1389
53,34,4,1488
53,95,3,1503
53,122,3,1694
53,98,2,1704
53,114,5,2005
53,29,1,2096
53,49,5,2313
53,113,5,2420
53,154,4,2642
53,35,5,2649
53,56,1,2976
53,174,4,3000
53,67,5,3108
53,105,4,3132
53,159,1,3527
53,96,1,3601
53,146,3,3712
53,163,1,3859
53,177,4,3930
53,160,1,4038
54,121,4,42
54,80,5,240
54,183,5,465
54,94,4,477
54,186,4,604
54,136,5,808
54,101,3,901
54,164,1,1029
54,78,5,1179
54,147,2,1261
54,129,1,1350
54,124,1,1359
54,178,5,1393
54,166,1,1505
54,187,1,1547
54,164,3,1610
54,74,3,1624
54,15,5,2071
54,161,1,2077
54,108,3,2258
54,174,1,2458
54,95,5,2550
54,177,5,2554
54,86,5,2601
54,16,3,2734
54,9,3,2763
54,139,5,2883
54,193,4,3019
54,157,2,3046
54,181,3,3047
54,55,2,3126
54,54,5,3279
54,94,4,3492
54,87,5,3544
55,169,4,220
55,177,1,242
55,179,5,712
55,12,4,785
55,194,5,886
55,187,1,909
55,148,1,945
55,80,2,959
55,12,5,971
55,103,1,1012
55,7,3,1195
55,94,4,1323
55,53,1,1509
55,13,1,1643
55,180,2,1677
55,0,4,1728
55,165,3,1770
55,135,4,1907
55,121,2,2088
55,152,1,2169
55,6,2,2202
55,114,3,2235
55,27,4,2411
55,187,2,2415
55,17,4,2697
55,166,1,2940
55,74,1,2988
55,180,3,3141
55,106,3,3584
55,122,2,3740
56,90,1,179
56,160,5,277
56,177,3,420
56,14,1,505
56,130,2,642
56,154,4,731
56,16,2,743
56,128,2,851
56,19,4,984
56,158,4,1048
56,58,4,1176
56,69,3,1257
56,74,3,1271
56,41,5,1367
56,108,4,1469
56,140,5,1546
56,96,3,1641
56,31,4,1697
56,117,1,1917
56,104,1,2192
56,74,3,2232
56,182,4,2480
56,109,4,3007
56,122,4,3054
56,150,1,3104
56,52,1,3112
56,55,3,3144
56,35,1,3165
56,67,2,3212
56,80,1,3372
56,13,2,3410
56,76,1,3576
56,45,3,3734
56,126,1,3943
57,150,2,26
57,130,5,214
57,54,4,392
57,65,5,440
57,74,5,444
57,199,1,445
57,7,4,476
57,176,2,485
57,25,2,533
57,14,4,581
57,58,4,646
57,131,4,659
57,170,1,699
57,51,5,716
57,114,2,758
57,196,1,1447
57,134,5,1768
57,118,1,1801
57,133,2,1881
57,65,4,1921
57,191,2,2055
57,8,1,2106
57,94,2,2130
57,25,3,2527
57,78,3,2543
57,54,1,2743
57,153,3,2789
57,15,1,2826
57,179,2,2836
57,43,2,2950
57,183,1,2975
57,56,5,2990
57,138,1,3018
57,23,2,3037
57,97,5,3167
58,193,3,31
58,131,4,172
58,126,2,208
58,169,5,222
58,165,5,254
58,148,2,260
58,113,4,340
58,53,5,616
58,47,4,799
58,26,5,970
58,43,4,1011
58,151,5,1013
58,162,4,1288
58,184,4,1371
58,183,1,1433
58,128,4,1500
58,18,2,1541
58,19,1,1567
58,169,2,1587
58,6,2,1596
58,134,4,1671
58,34,1,1689
58,100,3,1744
58,92,4,1784
58,21,1,1785
58,12,3,1913
58,69,2,2089
58,33,1,2218
58,43,5,2796
58,118,3,2886
58,176,1,3225
58,121,3,3322
58,151,3,3427
58,22,2,3481
58,4,3,3611
58,71,3,3778
58,119,1,3791
58,7,5,3805
58,14,5,3917
59,159,1,22
59,17,5,34
59,117,4,53
59,174,4,61
59,170,3,102
59,162,3,288
59,49,2,380
59,177,4,418
59,39,4,453
59,115,2,457
59,138,1,759
59,197,4,1105
59,17,1,1118
59,174,1,1124
59,62,2,1231
59,100,5,1406
59,139,1,1602
59,28,3,1756
59,141,3,1797
59,5,4,1827
59,131,5,1840
59,44,4,1936
59,122,5,1954
59,53,2,1969
59,189,3,2060
59,120,4,2114
59,22,5,2154
59,159,5,2324
59,67,4,2449
59,111,1,2494
59,84,3,2514
59,164,5,2516
59,70,1,2608
59,172,1,2666
59,61,5,2677
59,111,3,2684
59,53,1,2758
59,44,1,2784
59,1,4,2790
59,25,2,2802
59,145,2,3006
59,67,1,3027
60,108,2,4
60,162,2,323
60,18,5,358
60,97,4,493
60,191,1,552
60,76,4,621
60,188,3,687
60,54,1,703
60,43,1,721
60,199,2,918
60,102,2,926
60,98,4,949
60,138,4,1314
60,28,2,1527
60,172,1,1543
60,49,1,1673
60,38,3,1711
60,62,1,1925
60,91,4,2032
60,30,5,2094
60,108,3,2107
60,110,3,2206
60,104,2,2413
60,148,1,2938
60,31,5,3072
60,92,2,3181
60,97,3,3191
60,0,4,3192
60,55,5,3335
60,178,2,3467
60,40,3,3512
61,32,2,37
61,157,4,38
61,159,2,40
61,127,3,84
61,194,4,93
61,130,3,133
61,95,4,178
61,158,4,186
61,152,5,190
61,100,4,194
61,191,4,201
61,143,5,213
61,181,1,442
61,19,2,480
61,39,1,512
61,143,1,600
61,76,3,611
61,107,3,709
61,26,5,832
61,140,4,1024
61,197,2,1025
61,170,2,1047
61,159,5,1104
61,73,4,1133
61,28,3,1227
61,64,5,1325
61,189,3,1484
61,126,2,1516
61,51,5,1550
61,152,3,1638
61,28,2,1640
61,46,5,1658
61,131,5,1682
61,38,1,1715
61,17,5,1766
61,141,2,2046
61,167,4,2048
61,59,4,2153
61,186,2,2284
61,1,5,2552
61,156,4,2596
61,131,1,2707
61,153,4,2724
61,75,5,2736
62,47,3,78
62,119,5,115
62,44,5,158
62,112,4,382
62,12,1,436
62,35,2,441
62,36,2,473
62,70,1,495
62,52,4,710
62,82,3,767
62,27,5,796
62,132,3,872
62,21,3,947
62,190,5,1091
62,148,2,1148
62,78,1,1259
62,67,1,1275
62,137,3,1300
62,128,3,1313
62,112,3,1345
62,187,5,1678
62,177,1,1693
62,54,4,1794
62,83,3,1838
62,149,4,1970
62,17,4,2097
62,2,2,2289
62,160,5,2410
62,136,4,2678
62,25,4,2722
62,153,1,2723
62,128,1,2760
62,86,1,2942
62,18,4,3031
62,28,2,3050
62,110,5,3229
62,86,4,3250
62,160,3,3314
63,140,1,21
63,137,5,43
63,60,3,355
63,170,4,363
63,177,2,494
63,76,3,591
63,62,1,765
63,115,1,862
63,150,3,979
63,121,5,1009
63,196,2,1070
63,86,5,1116
63,112,1,1119
63,107,1,1167
63,167,1,1486
63,139,1,1828
63,77,4,1852
63,9,5,1864
63,113,1,1927
63,186,5,1950
63,45,3,1976
63,64,4,1983
63,67,2,2193
63,132,4,2287
63,61,2,2483
63,89,1,2778
63,18,2,2842
63,37,4,2960
63,135,2,3040
63,155,5,3088
63,64,5,3094
63,184,5,3228
64,159,1,107
64,127,5,141
64,58,5,424
64,98,4,557
64,108,5,676
64,104,1,789
64,112,1,833
64,131,5,846
64,122,5,1090
64,117,5,1366
64,132,3,1489
64,194,1,1649
64,63,4,1662
64,168,5,1858
64,19,2,2166
64,136,5,2257
64,189,2,2318
64,44,3,2569
64,86,1,2592
64,129,4,2647
64,199,1,2746
64,22,1,2810
64,121,3,2956
64,37,4,3206
64,161,2,3520
64,1,1,3575
64,154,1,3697
64,102,4,3747
64,128,2,3748
64,69,3,3771
64,187,2,3954
65,74,1,175
65,60,4,319
65,168,2,400
65,183,1,433
65,163,5,669
65,163,1,783
65,83,5,858
65,180,2,896
65,89,1,1038
65,44,1,1049
65,1,1,1154
65,110,5,1183
65,74,5,1340
65,194,2,1441
65,128,1,1520
65,3,5,1623
65,122,5,1819
65,39,2,2023
65,92,4,2123
65,88,1,2163
65,175,2,2286
65,191,4,2338
65,100,4,2346
65,129,5,2587
65,96,4,2630
65,14,5,2640
65,68,3,2852
65,84,2,2968
65,198,4,3213
65,180,5,3251
65,174,5,3345
65,62,2,3387
66,154,4,264
66,34,4,335
66,31,1,387
66,181,4,393
66,19,2,499
66,151,5,556
66,95,2,695
66,29,5,911
66,107,5,913
66,43,2,996
66,186,2,1162
66,46,1,1368
66,40,1,1374
66,77,2,1415
66,126,1,1729
66,89,5,1733
66,170,1,1769
66,66,5,1905
66,144,1,2033
66,185,4,2177
66,168,4,2488
66,53,3,2525
66,118,5,2594
66,5,1,2621
66,191,5,2855
66,172,5,3400
66,16,4,3508
66,3,1,3552
66,63,4,3723
66,28,5,3724
66,4,3,3779
67,79,2,239
67,12,5,327
67,143,4,459
67,105,5,580
67,134,5,994
67,113,1,1060
67,6,5,1181
67,174,1,1202
67,15,5,1235
67,175,2,1387
67,101,3,1656
67,137,4,1669
67,17,4,1724
67,86,2,1846
67,8,2,1850
67,171,1,2273
67,94,2,2300
67,50,4,2377
67,8,4,2384
67,33,5,2418
67,105,5,2444
67,16,3,2497
67,124,1,2511
67,78,3,2599
67,175,4,2661
67,165,5,2664
67,143,5,2765
67,68,5,2858
67,199,2,3146
67,27,1,3185
67,112,3,3237
67,128,5,3328
67,165,4,3485
67,54,5,3486
67,161,3,3514
67,92,5,3652
67,34,4,3744
67,61,2,3800
67,20,5,3810
68,22,3,246
68,45,4,293
68,126,3,357
68,107,2,496
68,125,5,509
68,55,2,513
68,27,3,526
68,81,4,536
68,95,1,632
68,67,2,780
68,75,2,812
68,60,2,892
68,132,1,1103
68,36,2,1213
68,23,2,1411
68,156,1,1508
68,14,2,1760
68,81,3,1918
68,198,2,2150
68,35,5,2219
68,62,5,2282
68,75,5,2459
68,45,3,2545
68,65,1,2807
68,72,4,3071
68,6,5,3086
68,194,2,3170
68,99,3,3267
68,9,3,3324
68,190,3,3377
68,73,3,3505
68,38,2,3637
68,9,2,3765
69,61,1,197
69,43,1,237
69,61,4,248
69,194,1,255
69,147,1,450
69,12,5,684
69,161,1,929
69,60,3,1014
69,49,1,1019
69,64,1,1020
69,29,4,1058
69,15,4,1160
69,180,4,1295
69,143,5,1453
69,114,3,1560
69,160,5,1675
69,148,3,1754
69,76,4,1831
69,33,2,2082
69,150,4,2159
69,9,5,2217
69,47,1,2288
69,115,5,2304
69,88,2,2347
69,185,4,2364
69,34,2,2509
69,99,5,2530
69,153,4,2573
69,24,2,2987
69,107,2,3058
69,134,4,3064
69,76,4,3078
69,107,1,3097
69,143,4,3106
69,77,3,3136
70,32,2,62
70,123,4,109
70,61,3,171
70,73,3,268
70,165,4,625
70,71,4,679
70,82,2,1293
70,143,2,1306
70,84,3,1316
70,96,5,1477
70,153,1,1574
70,70,2,1686
70,66,3,1834
70,182,4,1947
70,126,1,1962
70,35,4,2314
70,104,2,2320
70,31,2,2409
70,23,3,2473
70,193,4,2731
70,29,3,3011
70,139,2,3160
70,169,1,3186
71,5,4,3
71,68,3,90
71,82,3,127
71,38,3,198
71,181,3,308
71,111,4,702
71,133,4,749
71,43,1,838
71,22,1,1121
71,77,4,1140
71,5,4,1165
71,179,3,1219
71,181,3,1238
71,106,2,1372
71,25,3,1561
71,112,1,1586
71,7,5,1690
71,117,5,1749
71,117,1,1935
71,187,2,1974
71,84,5,1979
71,133,5,2043
71,26,3,2270
71,81,3,2335
71,53,3,2344
71,29,3,2437
71,122,2,2523
71,43,3,2576
71,12,1,2798
71,129,5,2814
71,43,4,2952
71,155,4,3254
71,68,3,3278
72,10,1,48
72,156,4,126
72,194,1,253
72,147,3,589
72,155,5,769
72,9,1,826
72,64,1,941
72,66,3,1092
72,81,1,1266
72,108,5,1443
72,180,3,1518
72,80,4,1521
72,193,1,1522
72,21,5,1665
72,35,1,1723
72,24,5,2037
72,82,2,2210
72,115,5,2290
72,190,3,2296
72,82,1,2477
72,146,5,2506
72,79,5,2591
72,157,3,2626
72,100,5,2699
72,176,5,2705
72,186,3,2851
72,37,2,2884
72,41,4,3138
72,56,2,3347
72,116,3,3394
72,176,2,3454
72,163,2,3461
73,38,3,83
73,59,2,560
73,114,3,576
73,149,3,658
73,144,5,691
73,167,5,746
73,117,3,820
73,72,1,821
73,137,1,888
73,46,4,982
73,62,3,1186
73,142,1,1216
73,86,3,1269
73,83,1,1354
73,154,5,1397
73,188,3,1431
73,140,3,1545
73,42,3,1695
73,135,5,1835
73,134,3,2010
73,47,4,2092
73,74,5,2180
73,190,4,2261
73,158,3,2337
73,81,5,2405
73,51,1,2451
73,77,4,2456
73,83,5,3002
73,197,5,3093
73,150,2,3207
73,129,4,3214
73,43,4,3271
74,168,5,8
74,117,2,9
74,123,3,187
74,1,3,241
74,74,3,307
74,62,2,582
74,168,1,654
74,14,1,726
74,159,1,744
74,176,1,859
74,55,4,899
74,72,5,904
74,163,3,1023
74,193,4,1041
74,7,3,1051
74,42,2,1095
74,192,1,1108
74,76,4,1278
74,139,2,1452
74,170,5,1880
74,91,5,1896
74,67,3,1903
74,116,2,2031
74,116,5,2050
74,152,2,2062
74,158,1,2299
74,69,2,2310
74,147,3,2374
74,131,2,2402
74,30,1,2492
74,37,4,2593
74,29,5,2793
74,73,3,2913
74,169,4,2984
74,103,2,3053
74,15,4,3067
74,4,2,3155
74,86,2,3371
74,193,4,3478
75,111,1,25
75,151,4,339
75,117,5,428
75,49,5,500
75,150,5,514
75,186,2,623
75,83,4,656
75,85,5,750
75,10,2,1111
75,75,3,1203
75,129,3,1233
75,168,5,1464
75,43,4,1736
75,183,4,1867
75,88,2,1871
75,150,1,2000
75,74,4,2041
75,72,1,2101
75,129,4,2168
75,191,3,2183
75,143,4,2190
75,13,4,2198
75,103,1,2268
75,46,3,2319
75,35,2,2580
75,64,1,3035
75,47,5,3220
75,130,4,3353
75,11,5,3415
75,100,5,3526
75,194,1,3528
76,65,4,156
76,111,3,195
76,142,2,707
76,146,4,772
76,190,3,802
76,194,3,830
76,54,2,897
76,107,1,1075
76,170,5,1683
76,189,5,1758
76,1,4,1761
76,186,4,1775
76,121,2,1815
76,71,2,1977
76,136,5,2017
76,30,4,2020
76,111,3,2297
76,70,1,2397
76,184,3,2479
76,195,1,2546
76,123,1,2813
76,105,4,2934
76,73,1,3076
76,57,2,3135
76,22,5,3420
77,167,5,67
77,25,1,91
77,135,3,144
77,130,1,507
77,52,1,627
77,103,4,825
77,39,1,937
77,13,3,965
77,21,1,1107
77,111,1,1131
77,75,2,1155
77,140,5,1244
77,49,5,1338
77,75,3,1383
77,38,3,1814
77,159,3,1900
77,97,1,1961
77,73,4,2147
77,71,1,2208
77,151,2,2222
77,198,3,2336
77,65,1,2383
77,62,2,2478
77,13,5,2619
77,50,2,2635
77,56,3,2673
77,22,1,2859
77,33,3,2887
77,41,4,2979
77,87,2,3066
77,46,4,3439
77,161,5,3459
78,56,5,152
78,8,1,207
78,130,4,855
78,20,4,869
78,46,1,878
78,144,4,957
78,2,2,1043
78,193,2,1050
78,191,3,1582
78,6,1,1664
78,85,4,1739
78,32,5,1747
78,178,3,1841
78,163,3,1877
78,183,2,1943
78,171,1,2003
78,187,3,2098
78,12,2,2124
78,48,5,2204
78,49,5,2357
78,116,4,2663
78,41,5,2698
78,62,2,2739
78,125,1,2800
78,10,2,2853
78,1,1,2925
78,9,2,2930
79,93,2,35
79,48,4,96
79,60,4,256
79,156,1,300
79,90,4,322
79,87,3,540
79,8,2,724
79,92,2,902
79,110,4,1551
79,89,1,1559
79,122,1,1780
79,172,1,1912
79,25,5,1933
79,87,2,2004
79,151,3,2052
79,81,2,2179
79,175,4,2245
79,41,2,2278
79,93,1,2369
79,57,3,2439
79,146,5,2551
79,102,3,2622
79,126,5,2648
79,147,3,2709
79,176,4,3017
80,174,3,68
80,64,4,117
80,75,1,221
80,21,2,571
80,183,4,811
80,17,1,881
80,7,5,950
80,15,2,1307
80,79,4,1430
80,172,2,1436
80,163,5,1437
80,192,5,1515
80,199,5,1557
80,179,1,1762
80,77,1,1889
80,153,1,1906
80,182,4,1978
80,19,5,2466
80,120,4,2535
80,151,5,2756
80,106,3,2847
80,47,2,2978
80,168,5,3079
80,115,1,3189
80,132,2,3470
80,44,1,3516
80,188,1,3693
80,116,1,3867
80,23,5,3892
80,192,3,3908
81,102,5,97
81,69,1,273
81,90,2,318
81,187,2,596
81,114,2,779
81,45,4,867
81,181,3,923
81,147,5,1228
81,94,5,1282
81,163,4,1395
81,155,1,1407
81,42,1,1563
81,71,1,1590
81,53,2,1619
81,175,2,1714
81,52,1,1811
81,112,3,1861
81,133,5,1984
81,172,5,2063
81,145,3,2081
81,55,2,2263
81,81,1,2306
81,78,1,2575
81,66,5,2600
81,81,5,2613
81,169,5,2634
81,55,2,2637
81,45,5,2752
81,156,2,2768
81,184,2,2921
81,12,5,3024
81,70,3,3143
81,165,1,3153
81,100,1,3169
81,121,5,3284
81,114,3,3369
81,78,3,3422
81,45,5,3566
81,88,1,3649
82,38,1,6
82,130,3,630
82,57,3,674
82,25,2,822
82,162,2,1003
82,155,3,1130
82,91,5,1324
82,165,1,1355
82,45,4,1513
82,108,5,1553
82,92,5,1832
82,124,3,2084
82,78,2,2309
82,167,5,2686
82,148,1,2689
82,81,2,2701
82,167,4,2806
82,99,3,2832
82,22,3,2989
82,185,5,3032
82,4,5,3341
82,173,3,3449
82,80,3,3574
82,46,1,3991
83,106,1,59
83,136,2,184
83,175,4,311
83,30,3,545
83,187,1,612
83,5,5,771
83,179,5,890
83,13,5,992
83,27,5,1039
83,116,2,1062
83,119,1,1089
83,45,2,1308
83,91,2,1647
83,110,4,1901
83,196,3,1914
83,79,5,1964
83,65,1,2047
83,98,4,2051
83,63,5,2157
83,14,5,2194
83,188,4,2241
83,61,4,2417
83,104,2,2561
83,133,3,2568
83,22,4,2572
83,144,3,2891
83,98,4,3090
83,152,2,3114
83,32,2,3142
83,101,5,3287
83,26,2,3384
83,122,1,3440
83,171,2,3456
83,110,2,3583
83,83,2,3648
83,132,5,3660
84,57,1,95
84,169,3,383
84,135,5,519
84,184,2,637
84,31,4,725
84,103,1,794
84,191,3,824
84,121,5,856
84,115,1,1127
84,16,4,1304
84,59,3,1390
84,77,4,1401
84,86,1,1455
84,97,1,1467
84,109,4,1482
84,37,3,1578
84,190,5,2104
84,183,5,2248
84,78,1,2316
84,135,5,2342
84,125,4,2486
84,54,1,2588
84,99,1,2748
84,117,3,2750
84,144,2,2892
84,72,2,2924
84,17,4,2999
84,100,1,3118
84,104,4,3179
84,149,2,3208
84,123,2,3240
84,193,5,3277
85,56,2,138
85,59,2,173
85,112,4,249
85,176,2,341
85,132,2,398
85,65,4,437
85,107,4,446
85,51,5,504
85,13,2,614
85,22,1,677
85,169,4,798
85,169,5,944
85,77,2,960
85,197,2,986
85,18,2,999
85,190,5,1182
85,117,2,1247
85,106,5,1311
85,21,1,1428
85,43,4,1466
85,97,2,1579
85,88,3,1616
85,15,3,1971
85,145,3,1995
85,46,5,2006
85,111,1,2254
85,196,4,2380
85,112,1,2428
85,64,5,2529
85,150,4,2607
85,180,4,2729
85,41,5,2732
85,160,1,2797
85,97,3,2914
85,186,4,2973
85,68,3,3122
85,79,5,3187
85,162,1,3199
85,167,3,3219
85,85,1,3238
85,75,1,3242
85,96,2,3351
86,149,3,7
86,48,2,92
86,15,1,227
86,152,2,385
86,19,2,429
86,93,3,435
86,8,1,570
86,88,1,652
86,94,1,742
86,109,1,964
86,37,5,1256
86,49,1,1321
86,95,4,1358
86,21,5,1370
86,100,1,1416
86,95,2,1434
86,103,5,1450
86,53,1,1465
86,41,4,1558
86,64,5,1588
86,45,5,1611
86,186,3,1706
86,196,4,1882
86,125,4,2065
86,119,1,2143
86,79,4,2363
86,191,4,2532
86,134,1,2538
86,44,2,2700
86,48,5,2742
86,148,5,2803
86,80,2,2811
86,83,5,2815
86,60,3,3172
86,35,5,3398
86,85,2,3446
86,77,5,3523
86,34,4,3561
87,4,4,10
87,126,2,17
87,24,2,111
87,72,4,114
87,138,2,134
87,185,4,211
87,107,4,877
87,199,4,891
87,71,5,966
87,119,5,1193
87,31,2,1296
87,164,1,1369
87,72,4,1382
87,180,1,1552
87,73,4,1668
87,3,2,1680
87,29,4,1717
87,169,5,1746
87,10,3,1778
87,110,4,1829
87,162,3,1973
87,148,3,1997
87,125,3,2226
87,14,5,2312
87,150,4,2435
87,0,3,2617
87,155,2,2804
87,7,2,2932
87,179,5,3016
87,181,1,3157
87,170,2,3175
87,50,5,3221
87,18,1,3349
87,189,5,3443
88,144,4,28
88,146,3,52
88,16,5,101
88,25,1,108
88,47,1,189
88,27,2,278
88,19,2,313
88,156,4,490
88,80,5,585
88,140,1,607
88,89,2,613
88,7,1,680
88,128,3,797
88,161,2,980
88,93,5,1135
88,126,2,1137
88,24,3,1229
88,7,1,1526
88,76,2,1564
88,11,4,1722
88,169,4,1790
88,192,3,1938
88,106,5,1990
88,39,3,2156
88,178,5,2161
88,80,5,2229
88,0,5,2271
88,98,1,2293
88,7,4,2315
88,12,5,2326
88,96,1,2400
88,113,3,2452
88,156,3,2692
88,36,1,2861
88,168,3,2888
89,155,2,56
89,63,2,80
89,103,5,148
89,172,5,154
89,93,3,235
89,12,3,263
89,95,4,287
89,181,3,403
89,116,4,478
89,109,3,479
89,138,4,516
89,109,2,517
89,140,2,572
89,167,2,577
89,29,2,692
89,199,2,756
89,75,5,933
89,100,5,938
89,5,5,962
89,58,5,987
89,172,5,1068
89,20,1,1222
89,26,1,1225
89,163,1,1253
89,33,2,1277
89,116,1,1609
89,77,3,1698
89,166,3,1752
89,151,3,1860
89,44,2,2025
89,128,1,2259
89,164,5,2283
89,120,3,2332
89,126,5,2399
89,37,1,2498
89,116,4,2749
89,17,3,2974
89,167,1,3069
89,25,1,3098
90,84,4,30
90,145,3,139
90,129,2,544
90,1,5,690
90,120,3,870
90,134,3,1283
90,146,4,1285
90,86,2,1472
90,107,1,1774
90,59,1,1851
90,6,3,2269
90,70,2,2442
90,96,3,2590
90,73,4,2631
90,176,2,2737
90,16,4,2867
90,148,1,2966
90,1,5,3062
90,73,5,3149
90,19,1,3381
90,14,4,3425
90,187,4,3428
90,100,3,3557
90,138,5,3640
90,1,1,3760
91,107,1,33
91,136,3,60
91,60,1,188
91,10,4,225
91,83,1,276
91,86,4,367
91,130,3,431
91,56,5,475
91,36,4,508
91,119,4,542
91,12,2,698
91,148,5,701
91,179,1,708
91,191,2,754
91,148,1,762
91,183,4,773
91,143,3,810
91,104,1,836
91,121,2,924
91,95,3,1040
91,99,4,1239
91,87,2,1312
91,194,2,1341
91,9,5,1360
91,159,3,1377
91,181,2,1483
91,185,2,1730
91,112,4,1782
91,5,5,1908
91,167,5,2007
91,74,3,2045
91,142,4,2112
91,126,4,2285
91,170,5,2429
91,112,4,2472
91,197,3,2566
91,119,3,2670
91,81,4,2728
91,52,3,2846
91,50,3,2918
91,2,5,3051
91,181,4,3123
91,98,2,3127
92,60,4,1
92,175,2,77
92,128,3,257
92,188,2,316
92,138,3,369
92,58,3,375
92,192,5,410
92,33,1,498
92,175,2,574
92,126,3,653
92,166,4,915
92,72,1,1120
92,105,3,1331
92,76,1,1364
92,98,5,1589
92,12,1,1615
92,53,5,1639
92,35,3,1692
92,2,5,1767
92,14,1,1816
92,44,5,1844
92,23,4,1909
92,170,4,1940
92,187,5,1949
92,41,3,2075
92,9,3,2095
92,117,2,2181
92,115,2,2325
92,93,1,2349
92,77,3,2547
92,120,1,2676
92,16,5,2681
92,154,5,2717
92,133,5,2770
92,52,3,3013
92,39,1,3087
92,147,2,3337
92,105,5,3494
93,66,5,163
93,62,2,282
93,6,1,462
93,71,1,511
93,59,2,523
93,182,2,849
93,111,3,850
93,78,4,946
93,31,5,1022
93,57,2,1026
93,23,5,1045
93,195,2,1100
93,75,3,1171
93,110,5,1320
93,11,1,1342
93,75,2,1422
93,108,3,1536
93,51,1,1592
93,157,3,1650
93,84,3,1842
93,98,1,1960
93,152,5,1982
93,3,4,2103
93,163,4,2142
93,68,2,2184
93,0,3,2401
93,50,4,2839
93,169,4,2900
93,153,5,3045
93,51,4,3077
93,184,1,3304
94,16,4,87
94,148,2,378
94,145,5,390
94,12,3,530
94,182,4,566
94,194,3,628
94,68,4,649
94,30,4,813
94,180,2,837
94,196,3,903
94,127,1,1027
94,131,4,1036
94,80,2,1101
94,143,1,1207
94,64,4,1392
94,42,1,1555
94,186,4,1591
94,28,4,1825
94,150,5,1985
94,57,1,2038
94,126,3,2234
94,124,3,2404
94,186,5,2645
94,100,3,2848
94,120,2,2872
94,52,4,2929
95,78,5,159
95,191,1,161
95,156,4,210
95,7,3,228
95,21,3,267
95,61,1,461
95,41,5,488
95,85,5,534
95,70,1,597
95,182,2,601
95,150,1,747
95,82,1,791
95,10,4,912
95,70,5,1318
95,167,1,1381
95,160,3,1435
95,22,1,1633
95,181,3,1765
95,110,3,1820
95,7,1,1836
95,76,4,1848
95,20,1,2087
95,78,2,2119
95,178,1,2252
95,189,3,2329
95,109,4,2669
95,70,2,2840
95,154,5,2845
95,80,5,2912
95,50,1,2959
95,125,1,3519
95,198,4,3808
95,124,2,3879
96,163,5,191
96,28,2,203
96,103,1,229
96,37,1,252
96,24,1,353
96,28,3,356
96,131,1,381
96,157,1,454
96,111,3,876
96,166,1,1063
96,10,4,1146
96,134,3,1150
96,63,4,1153
96,154,1,1177
96,123,4,1187
96,69,2,1230
96,24,3,1357
96,161,3,1376
96,97,1,1783
96,83,5,2013
96,133,3,2015
96,87,1,2099
96,116,2,2137
96,8,1,2457
96,194,1,2503
96,171,4,2508
96,68,3,2585
96,119,3,2711
96,179,3,2787
96,49,4,2939
96,12,5,3048
96,164,1,3256
97,145,4,247
97,124,2,350
97,155,2,432
97,113,2,804
97,37,2,863
97,179,5,866
97,69,3,873
97,175,3,1010
97,197,2,1424
97,148,1,1449
97,122,4,1474
97,74,4,1504
97,57,5,1517
97,19,2,1537
97,101,4,1604
97,3,5,1684
97,26,4,1696
97,180,4,1726
97,69,2,1735
97,29,1,1745
97,185,5,1772
97,34,1,1826
97,121,1,1837
97,24,1,1884
97,189,2,1886
97,86,3,2028
97,110,1,2121
97,182,1,2228
97,16,5,2301
97,150,2,2305
97,21,5,2354
97,178,4,2463
97,22,5,2537
97,54,2,2582
97,190,5,2657
97,100,1,2660
97,105,2,2876
97,151,5,2961
97,166,1,3193
97,166,4,3202
97,189,5,3205
98,173,1,136
98,47,2,142
98,69,4,284
98,55,2,297
98,26,4,312
98,139,1,314
98,27,2,372
98,11,2,379
98,149,5,413
98,186,4,464
98,190,2,592
98,171,3,594
98,108,5,608
98,165,3,633
98,184,4,728
98,131,4,805
98,89,1,955
98,57,3,977
98,2,5,1112
98,163,2,1427
98,86,3,1502
98,194,1,1514
98,174,4,1594
98,152,3,1601
98,48,2,1625
98,27,3,1634
98,164,5,1709
98,65,2,1720
98,49,2,1869
98,27,4,1890
98,10,5,2138
98,97,2,2334
98,183,5,2462
98,12,4,2652
98,72,3,2703
98,173,5,2725
98,188,3,2757
98,91,4,2769
98,182,4,2820
98,102,2,2898
98,144,3,2958
98,198,3,2996
98,79,2,3227
98,144,4,3258
99,169,1,11
99,87,3,85
99,142,2,325
99,93,1,521
99,48,2,527
99,71,1,619
99,5,1,638
99,193,3,764
99,142,3,998
99,121,1,1074
99,62,1,1192
99,149,2,1234
99,60,1,1457
99,84,4,1793
99,186,5,1812
99,194,1,1849
99,37,4,1965
99,181,3,2072
99,1,1,2122
99,140,1,2141
99,127,3,2359
99,192,2,2448
99,161,3,2828
99,52,4,3039
99,4,3,3044
99,10,5,3096
99,122,2,3105
99,67,5,3140
99,56,1,3414
99,147,1,3433
99,65,1,3735
99,79,4,3839
99,52,3,3882
